{
    "depolCaliConst532": 0.0723,
    "depolCaliConstStd532": 0.0,
    "depolCaliConst355": 0.1201,
    "depolCaliConstStd355": 0.0,
    "LC": [16893959541573.252000, 1, 1, 1, 28466210203696.203000, 1, 1, 67876166905915.734000, 1, 1, 1, 1],
    "LCStd": [0, 0, 0, 0, 0, 0, 0, 0, 0, 0, 0, 0],
    "overlapFile532": "overlap_tau_532nm_nov19.txt",
    "overlapFile355": "overlap_tau_355nm_nov19.txt",
    "molDepol532": 0.0326,
    "molDepolStd532": 0.001,
    "molDepol355": 0.0221,
    "molDepolStd355": 0.0015,
    "wvconst": 11,
    "wvconstStd": 0
}
