{
    "depolCaliConst532": 0.0289,
    "depolCaliConstStd532": 0,
    "LC": [16893959541573.252000, 1, 1, 1, 28466210203696.203000],
    "LCStd": [0, 0, 0, 0, 0],
    "overlapFile532": "polly_1v2_overlap_532.txt",
    "molDepol532": 0.0053,
    "molDepolStd532": 0.001
}