{
    "depolCaliConst532": 0.035,
    "depolCaliConstStd532": 0.0,
    "depolCaliConst355": 0.032,
    "depolCaliConstStd355": 0.0,
    "LC": [42545559767070.414000, 1, 6.3e13, 1, 97878575429631.625000, 1, 2.2e14, 389530086877146.060000, 1, 1, 1, 1, 1],
    "LCStd": [0, 0, 0, 0, 0, 0, 0, 0, 0, 0, 0, 0, 0],
    "overlapFile532": "pollyxt_lacros_overlap_532.txt",
    "overlapFile355": "pollyxt_lacros_overlap_355.txt",
    "molDepol532": 0.0053,
    "molDepolStd532": 0.001,
    "molDepol355": 0.0075,
    "molDepolStd355": 0.0015,
    "wvconst": 14.1,
    "wvconstStd": 0
}