{
    "depolCaliConst532": 0.024443,
    "depolCaliConstStd532": 0.0,
    "LC": [123459332446.982710, 1, 97878575429631.625000, 1, 1, 389530086877146.060000, 1, 1],
    "LCStd": [0, 0, 0, 0, 0, 0, 0, 0],
    "overlapFile532": "C:\\Users\\zhenping\\Desktop\\Picasso\\lib\\pollyDefaults\\pollyxt_dwd_overlap_532.txt",
    "overlapFile355": "C:\\Users\\zhenping\\Desktop\\Picasso\\lib\\pollyDefaults\\pollyxt_dwd_overlap_355.txt",
    "molDepol532": 0.0053,
    "molDepolStd532": 0.001
}