{
	"flagCorrectFalseMShots": true,	
	"flagFilterFalseMShots": false,
	"flagDTCor": true,
	"flagWVCalibration": true,
	"flagUsePreviousDepolCali": true,
	"flagUsePreviousWVconst": true,
    "flagUsePreviousLC": true,
    "flagUseSameRefH": true,
    
    "MWRFolder": "",

	"dataFileFormat": "(?<year>\\d{4})_(?<month>\\d{2})_(?<day>\\d{2})_\\w*_(?<hour>\\d{2})_(?<minute>\\d{2})_(?<second>\\d{2})\\w*.nc",
	"gdas1Site": "",
	"AERONETSite": "",

	"max_height_bin": 2500,
	"first_range_gate_indx": [261, 261, 261, 261, 261, 261, 261, 261, 262, 262, 262, 262, 262],
    "first_range_gate_height": 78.75,
    "dtCorModeLabel": ["Polynomial coefficients stores in netcdf file", "nonparalyzable correction", "User defined polynomial cofficients"],
	"dtCorMode": 1,
	"dt": [[0.0, 0.972992, 0.00353332, -7.90981e-006, 1.06451e-007, 1.42895e-009], 
			[0, 1.0117, -0.0014, 0.0002, -0.0000, 0.0000],
			[0, 0.9674, 0.0023, 0.0000, 0.0000, 0.0000],
			[0, 0.9929, 0.0000, 0.0001, -0.0000, 0.0000],
			[0, 0.9843, 0.0022, 0.0001, -0.0000, 0.0000],
			[0, 0.9391, 0.0063, -0.0001, 0.0000, -0.0000],
			[0, 1.0035, 0.0003, 0.0001, -0.0000, 0.0000],
			[0, 1.0000, 0, 0, 0, 0],
			[0, 1.0000, 0.0029, 0.0000, 0.0000, 0.0000],
			[0, 1.0000, 0.0028, 0.0000, 0.0000, 0.0000],
			[0, 1.0000, 0.0028, 0.0000, 0.0000, 0.0000],
			[0, 1.0000, 0.0025, 0.0000, 0.0000, 0.0000],
			[0, 1, 0, 0, 0, 0]],
	"bgCorRangeIndx": [10, 240],
	"mask_SNRmin": [1.6, 1, 1, 1, 1.5, 1, 1, 1.5, 1, 1, 1, 1, 1], 
	"init_depAng": 999,
	"maskDepCalAng": ["none", "none", "p", "p", "p", "p", "p", "p", "p", "p", "none", "n", "n", "n", "n", "n", "n", "n", "n"],
	"depol_cal_minbin_532": 100,
	"depol_cal_maxbin_532": 300,
	"depol_cal_SNRmin_532": [1, 1, 1, 1],
	"depol_cal_sigMax_532": [1500, 1500, 1500, 1500],
	"rel_std_dplus_532": 0.2,
	"rel_std_dminus_532": 0.2,
	"depol_cal_segmentLen_532": 40,
	"depol_cal_smoothWin_532": 8,
	"depol_cal_minbin_355": 100,
	"depol_cal_maxbin_355": 300,
	"depol_cal_SNRmin_355": [2, 2, 2, 2],
	"depol_cal_sigMax_355": [1000, 1000, 1000, 1000],
	"rel_std_dplus_355": 0.2,
	"rel_std_dminus_355": 0.2,
	"depol_cal_segmentLen_355": 40,
	"depol_cal_smoothWin_355": 8,
	"isFR": [1, 1, 1, 1, 1, 1, 1, 1, 0, 0, 0, 0, 0], 
	"isNR": [0, 0, 0, 0, 0, 0, 0, 0, 1, 1, 1, 1, 0], 
	"is532nm": [0, 0, 0, 0, 1, 1, 0, 0, 1, 0, 0, 0, 0], 
	"isRR": [0, 0, 0, 0, 0, 0, 0, 0, 0, 0, 0, 0, 0],
	"is355nm": [1, 1, 0, 0, 0, 0, 0, 0, 0, 0, 1, 0, 0],
	"is1064nm": [0, 0, 0, 0, 0, 0, 0, 1, 0, 0, 0, 0, 0],
	"isTot": [1, 0, 0, 0, 1, 0, 0, 1, 1, 0, 1, 0, 0],
	"isCross": [0, 1, 0, 0, 0, 1, 0, 0, 0, 0, 0, 0, 0],
	"isParallel": [0, 0, 0, 0, 0, 0, 0, 0, 0, 0, 0, 0],
	"is387nm": [0, 0, 1, 0, 0, 0, 0, 0, 0, 0, 0, 1, 0],
	"is407nm": [0, 0, 0, 1, 0, 0, 0, 0, 0, 0, 0, 0, 0],
	"is607nm": [0, 0, 0, 0, 0, 0, 1, 0, 0, 1, 0, 0, 0],
	"channelTag": ["FR-total-355 nm", "FR-cross-355 nm", "FR-387 nm", "FR-407 nm", "FR-total-532 nm", "FR-cross-532 nm", "FR-607 nm", "FR-total-1064 nm", "NR-total-532 nm", "NR-607 nm", "NR-total-355 nm", "NR-387 nm", "unknown"],
	"minPC_fog": 60,
	"TR": [0.898, 1086, 1, 1, 1.45, 778.8, 1, 1, 1, 1, 1, 1, 1],
	"overlapCalMode": 1,
	"maxSigSlope4FilterCloud": 3e6,
	"saturate_thresh": 100,
	"heightFullOverlap": [500, 500, 500, 500, 500, 500, 500, 500, 150, 150, 150, 150, 150],
	"minSNR_4_sigNorm": [10],
	"intNProfiles": 120,
	"minIntNProfiles": 90,
	"meteorDataSource": "gdas1",
	"radiosondeSitenum": 14430,
	"IWV_instrument": "AERONET",
    "maxIWVTLag": 0.0833,
	"minDecomLogDist355": 0.2,
	"minDecomLogDist532": 0.2,
	"minDecomLogDist1064": 0.2,
	"maxDecomHeight355": 8000,
	"maxDecomHeight532": 10000,
	"maxDecomHeight1064": 8000,
	"maxDecomThickness355": 700,
	"maxDecomThickness532": 700,
	"maxDecomThickness1064": 700,
	"decomSmoothWin355": 20,
	"decomSmoothWin532": 20,
	"decomSmoothWin1064": 80,
	"minRefThickness355": 500,
	"minRefThickness532": 500,
	"minRefThickness1064": 500,
	"minRefDeltaExt355": 2,
	"minRefDeltaExt532": 2,
	"minRefDeltaExt1064": 4,
	"refH_NR_355": [2500, 3000],
	"refH_NR_532": [2500, 3000],
	"minRefSNR355": 20,
	"minRefSNR532": 5,
	"minRefSNR1064": 4,
	"minRefSNR_NR_355": 20,
	"minRefSNR_NR_532": 5,
	"LR355": 50,
	"LR532": 50,
	"LR1064": 50,
	"LR_NR_355": 50,
	"LR_NR_532": 50,
	"refBeta355": 2e-8,
	"refBeta532": 1e-8,
	"refBeta1064": 2e-9,
	"smoothWin_klett_355": 21,
	"smoothWin_klett_532": 21,
	"smoothWin_klett_1064": 21,
	"smoothWin_klett_NR_355": 21,
	"smoothWin_klett_NR_532": 21,
	"maxIterConstrainFernald": 20,
	"minLRConstrainFernald": 1,
	"maxLRConstrainFernald": 150,
	"minDeltaAOD": 0.01,
	"minRamanRefSNR387": 40,
	"minRamanRefSNR607": 20,
	"minRamanRefSNR_NR_387": 40,
	"minRamanRefSNR_NR_607": 20,
	"angstrexp": 0.9,
	"angstrexp_NR": 0.9,
	"smoothWin_raman_355": 61,
	"smoothWin_raman_532": 61,
	"smoothWin_raman_1064": 61,
	"smoothWin_raman_NR_355": 31,
	"smoothWin_raman_NR_532": 31,
	"LCMeanWindow": 50,
	"LCMeanMinIndx": 70,
	"LCMeanMaxIndx": 1000,
	"LCCalibrationStatus": ["none", "Klett", "Raman", "Defaults", "History"],
	"quasi_smooth_h": [20, 20, 20, 20, 20, 20, 20, 20, 20, 20, 20, 20, 20],
	"quasi_smooth_t": [10, 10, 10, 10, 10, 10, 10, 10, 10, 10, 10, 10, 10],
	"hWVCaliBase": 120,
	"hWVCaliTop": 4000,
	"minSNRWVCali": 0.03,

	"clear_thres_par_beta_1064": 1e-8,
	"turbid_thres_par_beta_1064": 2e-7,
	"turbid_thres_par_beta_532": 2e-7,
	"droplet_thres_par_depol": 0.05,
	"spheroid_thres_par_depol": 0.07,
	"unspheroid_thres_par_depol": 0.2,
	"ice_thres_par_depol": 0.35,
	"ice_thres_vol_depol": 0.3,
	"large_thres_ang": 0.75,
	"small_thres_ang": 0.5,
	"cloud_thres_par_beta_1064": 2e-5,
	"min_atten_par_beta_1064": 10,
	"search_cloud_above": 300,
	"search_cloud_below": 100,

	"overlap532Color": [0, 255, 64],
	"overlap355Color": [0, 0, 255],
	"RCSProfileRange": [0.3, 10],
	"RCS355FRColorRange": [1e-2, 30],
	"RCS532FRColorRange": [1e-2, 50],
	"RCS1064FRColorRange": [1e-2, 60],
	"RCS355NRColorRange": [1e-2, 5],
	"RCS532NRColorRange": [1e-2, 10],
	"aerBscProfileRange": [-0.1, 10],
	"aerBsc_NR_ProfileRange": [-0.1, 10],
	"aerExtProfileRange": [-1, 300],
	"aerExt_NR_ProfileRange": [-1, 300],
	"aerLRProfileRange": [0, 120],
	"WVMRProfileRange": [0, 10],
	"WVMRColorRange": [0, 10],
	"LC355Range": [0, 1e14],
	"LC532Range": [0, 2e14],
	"LC1064Range": [0, 6e14],
	"LC387Range": [0, 1e14],
	"LC607Range": [0, 3e14],
	"WVConstRange": [0, 20],
	"depolConstRange355": [0, 0.2],
	"depolConstRange532": [0, 0.2],
	"att_beta_cRange_355": [0, 15],
	"att_beta_cRange_532": [0, 5],
	"att_beta_cRange_1064": [0, 2],
	"quasi_beta_cRange_532": [0, 5],
	"quasi_beta_cRange_1064": [0, 2],
	"quasi_Par_DR_cRange_532": [0, 0.4],

	"depolCaliFile532": "",
	"depolCaliFile355": "",
	"wvCaliFile": "",
    "lcCaliFile": "",
	"logbookFile": "",
	"radiosondeFolder": ""
}
