{
	"flagCorrectFalseMShots": true,	
	"flagFilterFalseMShots": false,
	"flagDTCor": true,
	"flagWVCalibration": false,
	"flagUsePreviousDepolCali": true,
	"flagUsePreviousWVconst": true,

	"dataFileFormat": "(?<year>\\d{4})_(?<month>\\d{2})_(?<day>\\d{2})_\\w*_(?<hour>\\d{2})_(?<minute>\\d{2})_(?<second>\\d{2}).nc",
	"gdas1Site": "hpb",
	"AERONETSite": "HohenpeissenbergDWD",

	"max_height_bin": 2500,
	"first_range_gate_indx": [261, 261, 261, 261, 261, 261, 261, 261, 262, 262, 262, 262, 262],
	"first_range_gate_height": 78.75,
	"dtCorMode": 1,
	"dt": [[0.0, 0.972992, 0.00353332, -7.90981e-006, 1.06451e-007, 1.42895e-009], 
			[0, 1.0117, -0.0014, 0.0002, -0.0000, 0.0000],
			[0, 0.9674, 0.0023, 0.0000, 0.0000, 0.0000],
			[0, 0.9929, 0.0000, 0.0001, -0.0000, 0.0000],
			[0, 0.9843, 0.0022, 0.0001, -0.0000, 0.0000],
			[0, 0.9391, 0.0063, -0.0001, 0.0000, -0.0000],
			[0, 1.0035, 0.0003, 0.0001, -0.0000, 0.0000],
			[0, 1.0000, 0, 0, 0, 0],
			[0, 1.0000, 0.0029, 0.0000, 0.0000, 0.0000],
			[0, 1.0000, 0.0028, 0.0000, 0.0000, 0.0000],
			[0, 1.0000, 0.0028, 0.0000, 0.0000, 0.0000],
			[0, 1.0000, 0.0025, 0.0000, 0.0000, 0.0000],
			[0, 1, 0, 0, 0, 0]],
	"bgCorRangeIndx": [10, 240],
	"mask_SNRmin": [1, 1, 1, 1, 1, 0.7, 1, 1], 
	"depol_cal_ang_p_time": ["09:00:15", "19:00:15"],
	"depol_cal_ang_n_time": ["09:05:15", "19:05:15"],
	"depol_cal_minbin_532": 40,
	"depol_cal_maxbin_532": 300,
	"depol_cal_SNRmin_532": [1, 1, 1, 1],
	"depol_cal_sigMax_532": [1500, 1500, 1500, 1500],
	"rel_std_dplus_532": 0.2,
	"rel_std_dminus_532": 0.2,
	"depol_cal_segmentLen_532": 40,
	"depol_cal_smoothWin_532": 8,
	"isFR": [1, 1, 1, 1, 1, 1, 0, 0], 
	"isNR": [0, 0, 0, 0, 0, 0, 1, 1], 
	"is532nm": [0, 0, 1, 1, 0, 0, 1, 0], 
	"is355nm": [1, 0, 0, 0, 0, 0, 0, 0],
	"is1064nm": [0, 0, 0, 0, 0, 1, 0, 0],
	"isTot": [1, 0, 1, 0, 0, 1, 1, 0],
	"isCross": [0, 0, 0, 1, 0, 0, 0, 0],
	"is387nm": [0, 1, 0, 0, 0, 0, 0, 0],
	"is407nm": [0, 0, 0, 0, 0, 0, 0, 0],
	"is607nm": [0, 0, 0, 0, 1, 0, 0, 1],
	"channelTag": ["FR-total-355 nm", "FR-387 nm", "FR-total-532 nm", "FR-cross-532 nm", "FR-607 nm", "FR-total-1064 nm", "NR-total-532 nm", "NR-607 nm"],
	"minPC_fog": 60,
	"TR": [0.898, 1, 1.45, 778.8, 1, 1, 1, 1], 
	"overlapCalMode": 1,
	"maxSigSlope4FilterCloud": 3e6,
	"saturate_thresh": 80,
	"heightFullOverlap": [500, 500, 500, 500, 500, 500, 150, 150],
	"minSNR_4_sigNorm": [10],
	"intNProfiles": 120,
	"minIntNProfiles": 90,
	"meteorDataSource": "gdas1",
	"radiosondeSitenum": 3612,
	"IWV_instrument": "AERONET",
	"maxIWVTLag": 0.1666,
	"minDecomLogDist355": 0.2,
	"minDecomLogDist532": 0.2,
	"minDecomLogDist1064": 0.2,
	"maxDecomHeight355": 8000,
	"maxDecomHeight532": 10000,
	"maxDecomHeight1064": 8000,
	"maxDecomThickness355": 700,
	"maxDecomThickness532": 700,
	"maxDecomThickness1064": 700,
	"decomSmoothWin355": 20,
	"decomSmoothWin532": 20,
	"decomSmoothWin1064": 80,
	"minRefThickness355": 500,
	"minRefThickness532": 500,
	"minRefThickness1064": 500,
	"minRefDeltaExt355": 2,
	"minRefDeltaExt532": 2,
	"minRefDeltaExt1064": 4,
	"minRefSNR355": 2,
	"minRefSNR532": 2,
	"minRefSNR1064": 1,
	"LR355": 50,
	"LR532": 50,
	"LR1064": 50,
	"refBeta355": 2e-8,
	"refBeta532": 1e-8,
	"refBeta1064": 2e-9,
	"smoothWin_klett_355": 21,
	"smoothWin_klett_532": 21,
	"smoothWin_klett_1064": 21,
	"maxIterConstrainFernald": 20,
	"minLRConstrainFernald": 1,
	"maxLRConstrainFernald": 150,
	"minDeltaAOD": 0.01,
	"minRamanRefSNR387": 10,
	"minRamanRefSNR607": 5,
	"angstrexp": 0.9,
	"smoothWin_raman_355": 61,
	"smoothWin_raman_532": 61,
	"smoothWin_raman_1064": 61,
	"LCMeanWindow": 50,
	"LCMeanMinIndx": 70,
	"LCMeanMaxIndx": 1000,
	"LCCalibrationStatus": ["none", "Klett", "Raman", "Defaults", "History"],
	"quasi_smooth_h": [1, 1, 1, 1, 1, 1, 1, 1, 1, 1, 1, 1, 1],
	"quasi_smooth_t": [1, 1, 1, 1, 1, 1, 1, 1, 1, 1, 1, 1, 1],

	"clear_thres_par_beta_1064": 1e-8,
	"turbid_thres_par_beta_1064": 2e-7,
	"turbid_thres_par_beta_532": 2e-7,
	"droplet_thres_par_depol": 0.05,
	"spheroid_thres_par_depol": 0.07,
	"unspheroid_thres_par_depol": 0.2,
	"ice_thres_par_depol": 0.35,
	"ice_thres_vol_depol": 0.3,
	"large_thres_ang": 0.75,
	"small_thres_ang": 0.5,
	"cloud_thres_par_beta_1064": 2e-5,
	"min_atten_par_beta_1064": 10,
	"search_cloud_above": 300,
	"search_cloud_below": 100,

	"overlap532Color": [0, 255, 64],
	"overlap355Color": [0, 0, 255],
	"RCSProfileRange": [1e-4, 1e0],
	"aerBscProfileRange": [-0.1, 10],
	"aerExtProfileRange": [-1, 300],
	"aerLRProfileRange": [0, 120],
	"LC355Range": [0, 1e13],
	"LC532Range": [0, 1e13],
	"LC1064Range": [0, 1e13],

	"depolCaliFile532": "pollyxt_dwd_depolcali_532_results.txt",
	"lcCaliFile": "pollyxt_dwd_lccali_results.txt"
}