{
    "flagCorrectFalseMShots": true,	
    "flagFilterFalseMShots": false,
    "flagDTCor": true,
    "flagWVCalibration": true,
    "flagUsePreviousDepolCali": true,
    "flagUsePreviousWVconst": true,
    "flagUsePreviousLC": true,

    "dataFileFormat": "(?<year>\\d{4})_(?<month>\\d{2})_(?<day>\\d{2})_\\w*_(?<hour>\\d{2})_(?<minute>\\d{2})_(?<second>\\d{2})\\w*.nc",
    "gdas1Site": "leipzig",
    "AERONETSite": "",

    "max_height_bin": 3000,
    "first_range_gate_indx": [261, 261, 261, 261, 261, 261, 261, 261, 262, 262, 262, 262, 262],
    "first_range_gate_height": 78.75,
    "dtCorModeLabel": ["Polynomial coefficients stores in netcdf file", "nonparalyzable correction", "User defined polynomial cofficients"],
    "dtCorMode": 3,
    "dt": [[0.0, 1.000015380, 0.001942073310, 1.544688094E-005, 9.882713863E-009, 9.631447446E-010],
    [0.0, 1.000010836, 0.001458323689, 1.349765140E-005, 1.279140726E-008, 7.446468166E-010], 
    [0.0, 1.000016690, 0.001853460736, 1.592222399E-005, 7.043763385E-009, 1.041955683E-009],
    [0.0, 1.000015857, 0.002107409560, 1.589592802E-005, 1.010581496E-008, 1.004402609E-009],
    [0.0, 1.000016552, 0.001641625979, 1.444509306E-005, 8.447934199E-009, 8.558416534E-010],
    [0.0, 1.000010363, 0.001314180947, 1.172499204E-005, 1.396276251E-008, 5.478445921E-010], 
    [0.0, 1.000010420, 0.001740856604, 1.355893000E-005, 1.548073713E-008, 7.305828904E-010],
    [0, 1, 0, 0, 0, 0],
    [0.0, 1.000015028, 0.0004754274658, 1.394862387E-005, 8.164638861E-010, 8.035581749E-010],
    [0.0, 1.000007638, 0.001783188562, 1.240888315E-005, 1.867895887E-008, 5.890945042E-010],
    [0.0, 1.000019029, 0.001797954097, 1.650994893E-005, 2.699670886E-009, 1.136722507E-009],
    [0.0, 1.000021697, 0.001511978704, 1.680655264E-005, -3.137623650E-009, 1.208699152E-009],
    [0, 1, 0, 0, 0, 0]],
    "bgCorRangeIndx": [10, 240],
    "mask_SNRmin": [1.6, 1, 1, 0.01, 0.2, 1, 1, 0.2, 1, 1, 1, 1, 1], 
    "init_depAng": 350,
    "maskDepCalAng": ["none", "none", "p", "p", "p", "p", "p", "p", "p", "p", "none", "none", "n", "n", "n", "n", "n", "n", "n", "n"],
    "depol_cal_minbin_532": 100,
    "depol_cal_maxbin_532": 300,
    "depol_cal_SNRmin_532": [1, 1, 1, 1],
    "depol_cal_sigMax_532": [2000, 2000, 2000, 2000],
    "rel_std_dplus_532": 0.2,
    "rel_std_dminus_532": 0.2,
    "depol_cal_segmentLen_532": 40,
    "depol_cal_smoothWin_532": 8,
    "depol_cal_minbin_355": 100,
    "depol_cal_maxbin_355": 300,
    "depol_cal_SNRmin_355": [1, 1, 1, 1],
    "depol_cal_sigMax_355": [2000, 2000, 2000, 2000],
    "rel_std_dplus_355": 0.2,
    "rel_std_dminus_355": 0.2,
    "depol_cal_segmentLen_355": 40,
    "depol_cal_smoothWin_355": 8,
    "isFR": [1, 1, 1, 1, 1, 1, 1, 1, 0, 0, 0, 0, 0], 
    "isNR": [0, 0, 0, 0, 0, 0, 0, 0, 1, 1, 1, 1, 0], 
    "is532nm": [0, 0, 0, 0, 1, 1, 0, 0, 1, 0, 0, 0, 0], 
    "is355nm": [1, 1, 0, 0, 0, 0, 0, 0, 0, 0, 1, 0, 0],
    "is1064nm": [0, 0, 0, 0, 0, 0, 0, 1, 0, 0, 0, 0, 0],
    "isTot": [1, 0, 0, 0, 1, 0, 0, 1, 1, 0, 1, 0, 0],
    "isCross": [0, 1, 0, 0, 0, 1, 0, 0, 0, 0, 0, 0, 0],
    "is387nm": [0, 0, 1, 0, 0, 0, 0, 0, 0, 0, 0, 1, 0],
    "is407nm": [0, 0, 0, 1, 0, 0, 0, 0, 0, 0, 0, 0, 0],
    "is607nm": [0, 0, 0, 0, 0, 0, 1, 0, 0, 1, 0, 0, 0],
    "channelTag": ["FR-total-355 nm", "FR-cross-355 nm", "FR-387 nm", "FR-407 nm", "FR-total-532 nm", "FR-cross-532 nm", "FR-607 nm", "FR-total-1064 nm", "NR-total-532 nm", "NR-607 nm", "NR-total-355 nm", "NR-387 nm", "none"],
    "minPC_fog": 60,
    "TR": [1.0, 450, 1, 1, 1.035, 1500, 1, 1, 1, 1, 1, 1, 1], 
    "overlapCalMode": 1,
    "maxSigSlope4FilterCloud": 1000e6,
    "saturate_thresh": 100,
    "heightFullOverlap": [500, 500, 500, 500, 500, 500, 500, 500, 150, 150, 150, 150, 150],
    "minSNR_4_sigNorm": [10],
    "intNProfiles": 120,
    "minIntNProfiles": 90,
    "meteorDataSource": "gdas1",
    "radiosondeSitenum": 14430,
    "IWV_instrument": "AERONET",
    "maxIWVTLag": 0.0833,
    "minDecomLogDist355": 0.2,
    "minDecomLogDist532": 0.2,
    "minDecomLogDist1064": 0.2,
    "maxDecomHeight355": 10000,
    "maxDecomHeight532": 10000,
    "maxDecomHeight1064": 10000,
    "maxDecomThickness355": 1500,
    "maxDecomThickness532": 1500,
    "maxDecomThickness1064": 1500,
    "decomSmoothWin355": 40,
    "decomSmoothWin532": 40,
    "decomSmoothWin1064": 100,
    "minRefThickness355": 700,
    "minRefThickness532": 700,
    "minRefThickness1064": 700,
    "minRefDeltaExt355": 1,
    "minRefDeltaExt532": 1,
    "minRefDeltaExt1064": 1,
    "minRefSNR355": 20,
    "minRefSNR532": 10,
    "minRefSNR1064": 4,
    "LR355": 45,
    "LR532": 40,
    "LR1064": 50,
    "refBeta355": 2e-8,
    "refBeta532": 1e-8,
    "refBeta1064": 2e-9,
    "smoothWin_klett_355": 21,
    "smoothWin_klett_532": 21,
    "smoothWin_klett_1064": 21,
    "maxIterConstrainFernald": 20,
    "minLRConstrainFernald": 1,
    "maxLRConstrainFernald": 150,
    "minDeltaAOD": 0.01,
    "minRamanRefSNR387": 30,
    "minRamanRefSNR607": 20,
    "angstrexp": 0.3,
    "smoothWin_raman_355": 61,
    "smoothWin_raman_532": 61,
    "smoothWin_raman_1064": 61,
    "LCMeanWindow": 50,
    "LCMeanMinIndx": 70,
    "LCMeanMaxIndx": 1000,
    "LCCalibrationStatus": ["none", "Klett", "Raman", "Defaults", "History"],
    "quasi_smooth_h": [8, 8, 8, 8, 8, 8, 8, 8, 8, 8, 8, 8, 8],
    "quasi_smooth_t": [10, 10, 10, 10, 10, 10, 10, 10, 10, 10, 10, 10, 10],
    "hWVCaliBase": 120,
    "hWVCaliTop": 8000,
    "minSNRWVCali": 10,

    "clear_thres_par_beta_1064": 1e-8,
    "turbid_thres_par_beta_1064": 2e-7,
    "turbid_thres_par_beta_532": 2e-7,
    "droplet_thres_par_depol": 0.05,
    "spheroid_thres_par_depol": 0.07,
    "unspheroid_thres_par_depol": 0.2,
    "ice_thres_par_depol": 0.35,
    "ice_thres_vol_depol": 0.3,
    "large_thres_ang": 0.75,
    "small_thres_ang": 0.5,
    "cloud_thres_par_beta_1064": 2e-5,
    "min_atten_par_beta_1064": 10,
    "search_cloud_above": 300,
    "search_cloud_below": 100,

    "overlap532Color": [0, 255, 64],
    "overlap355Color": [0, 0, 255],
    "xLim_Profi_RCS": [0.3, 10],
    "xLim_Profi_Bsc": [-0.1, 8],
    "xLim_Profi_Ext": [-1, 400],
    "xLim_Profi_LR": [0, 120],
    "xLim_Profi_WV_RH": [0, 10],
    "yLim_FR_RCS": [0, 20000],
    "yLim_NR_RCS": [0, 3000],
    "yLim_LC_355": [0, 1e14],
    "yLim_LC_532": [0, 4e14],
    "yLim_LC_1064": [0, 10e14],
    "yLim_LC_387": [0, 2e14],
    "yLim_LC_607": [0, 7e14],
    "yLim_WVConst": [0, 20],
    "yLim_depolConst_355": [0, 0.2],
    "yLim_depolConst_532": [0, 0.2],
    "zLim_att_beta_355": [0, 12],
    "zLim_att_beta_532": [0, 5],
    "zLim_att_beta_1064": [0, 2],
    "zLim_quasi_beta_532": [0, 8],
    "zLim_quasi_beta_1064": [0, 4],
    "zLim_quasi_Par_DR_532": [0, 0.4],
    "zLim_FR_RCS_355": [0, 4],
    "zLim_FR_RCS_532": [0, 7],
    "zLim_FR_RCS_1064": [0, 8],
    "zLim_NR_RCS_355": [0, 2],
    "zLim_NR_RCS_532": [0, 2],

    "calibrationDB": "pollyxt_tau_calibration.db",
    "logbookFile": "/data/level0/polly/pollyxt_tau/logbook.csv"
}
