{
    "flagCorrectFalseMShots": true,	
    "flagFilterFalseMShots": false,
    "flagDTCor": true,
    "flagWVCalibration": true,
    "flagUsePreviousDepolCali": true,
    "flagUsePreviousWVconst": true,
    "flagUsePreviousLC": true,

    "dataFileFormat": "(?<year>\\d{4})_(?<month>\\d{2})_(?<day>\\d{2})_\\w*_(?<hour>\\d{2})_(?<minute>\\d{2})_(?<second>\\d{2})\\w*.nc",
    "gdas1Site": "limassol",
    "AERONETSite": "CUT-TEPAK",

    "max_height_bin": 4000,
    "first_range_gate_indx": [251, 251, 251, 251, 251, 251, 251, 251, 251, 251, 251, 251, 251],
    "first_range_gate_height": 3.75,
    "dtCorModeLabel": ["Polynomial coefficients stores in netcdf file", "nonparalyzable correction", "User defined polynomial cofficients"],
    "dtCorMode": 3,
    "dt": [[0.0, 1.000006239, 0.001236241546, 1.006471355E-5, 1.627652902E-8, 3.863266766E-10],
    [0.0, 1.000008717, 0.001419763908, 1.407549160E-5, 2.095223512E-8, 7.807015945E-10], 
    [0, 1.000014365, 0.001125565655, 1.29e-5, 8.532e-9, 6.94e-10],
    [0, 1.000011479, 0.0014583, 1.24733e-5, 1.366e-8, 6.23e-10],
    [0, 1.000017386, 0.001614, 1.4095e-5, 8.35279e-9, 8.11903856e-10],
    [0.0, 1.000017482, 0.001452244401, 1.407515315E-5, 7.043810188E-9, 8.210714995E-10], 
    [0, 1.000005865, 0.002241255615, 1.33743e-5, 2.318582607e-8, 6.448028e-10],
    [0, 1, 0, 0, 0, 0],
    [0.0, 1.000010146, 0.001155950166, 1.209164250E-5, 1.263859987E-8, 5.925510166E-10],
    [0.0, 1.000006760, 0.001019866481, 1.399553343E-5, 1.400892801E-8, 8.085418151E-10],
    [0.0, 1.000010631, 0.001344581668, 1.253022035E-5, 1.345278336E-8, 6.346477245E-10],
    [0.0, 1.000016778, 0.0009449173147, 1.685579521E-5, -8.154674887E-9, 1.236523311E-9],
    [0, 1, 0, 0, 0, 0]],
    "bgCorRangeIndx": [10, 240],
    "mask_SNRmin": [1.6, 1, 1, 0.01, 0.2, 1, 1, 0.2, 1, 1, 1, 1, 1], 
    "init_depAng": 0,
    "maskDepCalAng": ["none", "none", "p", "p", "p", "p", "p", "p", "p", "p", "none", "none", "n", "n", "n", "n", "n", "n", "n", "n", "none"],
    "depol_cal_minbin_532": 100,
    "depol_cal_maxbin_532": 300,
    "depol_cal_SNRmin_532": [1, 1, 1, 1],
    "depol_cal_sigMax_532": [2000, 2000, 2000, 2000],
    "rel_std_dplus_532": 0.2,
    "rel_std_dminus_532": 0.2,
    "depol_cal_segmentLen_532": 40,
    "depol_cal_smoothWin_532": 8,
    "depol_cal_minbin_355": 100,
    "depol_cal_maxbin_355": 300,
    "depol_cal_SNRmin_355": [1, 1, 1, 1],
    "depol_cal_sigMax_355": [2000, 2000, 2000, 2000],
    "rel_std_dplus_355": 0.2,
    "rel_std_dminus_355": 0.2,
    "depol_cal_segmentLen_355": 40,
    "depol_cal_smoothWin_355": 8,
    "isFR": [1, 1, 1, 1, 1, 1, 1, 1, 0, 0, 0, 0, 0], 
    "isNR": [0, 0, 0, 0, 0, 0, 0, 0, 1, 1, 1, 1, 0], 
    "is532nm": [0, 0, 0, 0, 1, 1, 0, 0, 1, 0, 0, 0, 0], 
    "is355nm": [1, 1, 0, 0, 0, 0, 0, 0, 0, 0, 1, 0, 0],
    "is1064nm": [0, 0, 0, 0, 0, 0, 0, 1, 0, 0, 0, 0, 0],
    "isTot": [1, 0, 0, 0, 1, 0, 0, 1, 1, 0, 1, 0, 0],
    "isCross": [0, 1, 0, 0, 0, 1, 0, 0, 0, 0, 0, 0, 0],
    "is387nm": [0, 0, 1, 0, 0, 0, 0, 0, 0, 0, 0, 1, 0],
    "is407nm": [0, 0, 0, 1, 0, 0, 0, 0, 0, 0, 0, 0, 0],
    "is607nm": [0, 0, 0, 0, 0, 0, 1, 0, 0, 1, 0, 0, 0],
    "channelTag": ["FR-total-355 nm", "FR-cross-355 nm", "FR-387 nm", "FR-407 nm", "FR-total-532 nm", "FR-cross-532 nm", "FR-607 nm", "FR-total-1064 nm", "NR-total-532 nm", "NR-607 nm", "NR-total-355 nm", "NR-387 nm", "none"],
    "minPC_fog": 60,
    "TR": [1.04, 500, 1, 1, 1.01, 1500, 1, 1, 1, 1, 1, 1, 1], 
    "overlapCalMode": 1,
    "overlapCorMode": 3,
    "maxSigSlope4FilterCloud": 4e6,
    "saturate_thresh": 100,
    "heightFullOverlap": [500, 500, 500, 500, 500, 500, 500, 500, 150, 150, 150, 150, 150],
    "minSNR_4_sigNorm": [10],
    "intNProfiles": 120,
    "minIntNProfiles": 90,
    "meteorDataSource": "gdas1",
    "radiosondeSitenum": 14430,
    "IWV_instrument": "AERONET",
    "maxIWVTLag": 0.0833,
    "minDecomLogDist355": 0.2,
    "minDecomLogDist532": 0.2,
    "minDecomLogDist1064": 0.2,
    "maxDecomHeight355": 14000,
    "maxDecomHeight532": 14000,
    "maxDecomHeight1064": 14000,
    "maxDecomThickness355": 1500,
    "maxDecomThickness532": 1500,
    "maxDecomThickness1064": 1500,
    "decomSmoothWin355": 40,
    "decomSmoothWin532": 40,
    "decomSmoothWin1064": 100,
    "minRefThickness355": 700,
    "minRefThickness532": 700,
    "minRefThickness1064": 700,
    "minRefDeltaExt355": 1,
    "minRefDeltaExt532": 1,
    "minRefDeltaExt1064": 1,
    "minRefSNR355": 3,
    "minRefSNR532": 3,
    "minRefSNR1064": 2,
    "LR355": 45,
    "LR532": 40,
    "LR1064": 50,
    "refBeta355": 2e-8,
    "refBeta532": 1e-8,
    "refBeta1064": 2e-9,
    "smoothWin_klett_355": 11,
    "smoothWin_klett_532": 11,
    "smoothWin_klett_1064": 11,
    "maxIterConstrainFernald": 20,
    "minLRConstrainFernald": 1,
    "maxLRConstrainFernald": 150,
    "minDeltaAOD": 0.01,
    "minRamanRefSNR355": 10,
    "minRamanRefSNR532": 10,
    "minRamanRefSNR1064": 10,
    "minRamanRefSNR387": 10,
    "minRamanRefSNR607": 10,
    "angstrexp": 0.8,
    "smoothWin_raman_355": 61,
    "smoothWin_raman_532": 61,
    "smoothWin_raman_1064": 61,
    "LCMeanWindow": 50,
    "LCMeanMinIndx": 70,
    "LCMeanMaxIndx": 1000,
    "LCCalibrationStatus": ["none", "Klett", "Raman", "Defaults", "History"],
    "quasi_smooth_h": [8, 8, 8, 8, 8, 8, 8, 2, 8, 8, 8, 8, 8],
    "quasi_smooth_t": [10, 10, 10, 10, 10, 10, 10, 2, 10, 10, 10, 10, 10],
    "hWVCaliBase": 120,
    "hWVCaliTop": 8000,
    "minSNRWVCali": 10,

    "clear_thres_par_beta_1064": 1e-8,
    "turbid_thres_par_beta_1064": 2e-7,
    "turbid_thres_par_beta_532": 2e-7,
    "droplet_thres_par_depol": 0.05,
    "spheroid_thres_par_depol": 0.07,
    "unspheroid_thres_par_depol": 0.2,
    "ice_thres_par_depol": 0.35,
    "ice_thres_vol_depol": 0.3,
    "large_thres_ang": 0.75,
    "small_thres_ang": 0.5,
    "cloud_thres_par_beta_1064": 2e-5,
    "min_atten_par_beta_1064": 10,
    "search_cloud_above": 300,
    "search_cloud_below": 100,

    "overlap532Color": [0, 255, 64],
    "overlap355Color": [0, 0, 255],
    "xLim_Profi_RCS": [0.3, 10],
    "xLim_Profi_Bsc": [-0.1, 8],
    "xLim_Profi_Ext": [-1, 400],
    "xLim_Profi_LR": [0, 120],
    "xLim_Profi_WV_RH": [0, 10],
    "yLim_FR_RCS": [0, 30000],
    "yLim_NR_RCS": [0, 3000],
    "yLim_LC_355": [0, 1e14],
    "yLim_LC_532": [0, 4e14],
    "yLim_LC_1064": [0, 10e14],
    "yLim_LC_387": [0, 2e14],
    "yLim_LC_607": [0, 7e14],
    "yLim_LC_ratio_355_387": [0, 2],
    "yLim_WVConst": [0, 10],
    "yLim_depolConst_355": [0, 0.2],
    "yLim_depolConst_532": [0, 0.02],
    "yLim_Profi_WV_RH": [0, 15000],
    "yLim_WV_RH": [0, 15000],
    "yLim_Quasi_Params": [0, 15000],    
    "zLim_att_beta_355": [0, 12],
    "zLim_att_beta_532": [0, 5],
    "zLim_att_beta_1064": [0, 2],
    "zLim_quasi_beta_532": [0, 8],
    "zLim_quasi_beta_1064": [0, 4],
    "zLim_quasi_Par_DR_532": [0, 0.4],
    "zLim_FR_RCS_355": [0, 4],
    "zLim_FR_RCS_532": [0, 7],
    "zLim_FR_RCS_1064": [0, 8],
    "zLim_NR_RCS_355": [0, 2],
    "zLim_NR_RCS_532": [0, 2],

    "prodSaveList": ["overlap", "aerProfFR", "aerProfNR", "aerProfOC", "aerAttBetaFR","aerAttBetaNR", "aerAttBetaOC", "WVMR_RH", "volDepol", "quasiV1", "quasiV2", "TC", "TCV2", "cloudinfo"],
    "calibrationDB": "pollyxt_cyp_calibration.db",
    "logbookFile": "/data/level0/polly/pollyxt_cyp/logbook_pollyxt_cyp.csv"
}
