{
    "depolCaliConst532": 0.0299,
    "depolCaliConstStd532": 0.0,
    "depolCaliConst355": 0.0294,
    "depolCaliConstStd355": 0.0,
    "LC": [5591733402805.518600, 1, 1, 1, 26576517995411.332000, 1, 1, 26014175850649.238000, 1, 1, 1, 1, 1],
    "LCStd": [0, 0, 0, 0, 0, 0, 0, 0, 0, 0, 0, 0, 0],
    "overlapFile532": "pollyxt_tropos_overlap_532.txt",
    "overlapFile355": "pollyxt_tropos_overlap_355.txt",
    "molDepol532": 0.0053,
    "molDepolStd532": 0.001,
    "molDepol355": 0.0075,
    "molDepolStd355": 0.0015,
    "wvconst": 14.1,
    "wvconstStd": 0
}
