{
    "depolCaliConst532": 0.061,
    "depolCaliConstStd532": 0.0,
    "depolCaliConst355": 0.032,
    "depolCaliConstStd355": 0.0,
    "LC": [21515626391956.851562, 1, 49258277207507.359375, 1, 124096228833101.875000, 1, 153888732187244.093750, 385464628421264.250000, 1, 1, 1, 1, 1],
    "LCStd": [0, 0, 0, 0, 0, 0, 0, 0, 0, 0, 0, 0, 0],
    "overlapFile532": "pollyxt_lacros_overlap_532.txt",
    "overlapFile355": "pollyxt_lacros_overlap_355.txt",
    "molDepol532": 0.0100,
    "molDepolStd532": 0.001,
    "molDepol355": 0.0250,
    "molDepolStd355": 0.0015,
    "wvconst": 19.1,
    "wvconstStd": 0
}
