{
    "depolCaliConst532": 0.1214,
    "depolCaliConstStd532": 0.0036,
    "LC": [123459332446.982710, 1, 97878575429631.625000, 1, 1, 389530086877146.060000],
    "LCStd": [0, 0, 0, 0, 0, 0, 0, 0],
    "overlapFile532": "pollyxt_cge_overlap_532.txt",
    "overlapFile355": "pollyxt_cge_overlap_355.txt",
    "molDepol532": 0.0614,
    "molDepolStd532": 0.0032
}
