{
    "depolCaliConst532": 0.0723,
    "depolCaliConstStd532": 0.0,
    "depolCaliConst355": 0.1201,
    "depolCaliConstStd355": 0.0,
	"polCaliEta355": 33,
    "polCaliEtaStd355": 1,
	"polCaliEta532": 11,
    "polCaliEtaStd532": 1,
    "polCaliEta1064": 0.7,
    "polCaliEtaStd1064": 1,
    "LC": [16893959541573.252000, 1, 1, 1, 28466210203696.203000, 1, 1, 67876166905915.734000, 1, 1, 1, 1],
    "LCStd": [0, 0, 0, 0, 0, 0, 0, 0, 0, 0, 0, 0],
    "overlapFile532": "template_polly_overlap_532.txt",
    "overlapFile355": "template_polly_overlap_355.txt",
    "molDepol532": 0.0044,
    "molDepolStd532": 0.001,
    "molDepol355": 0.0077,
    "molDepolStd355": 0.0015,
	"molDepol1064": 0.0036,
    "wvconst": 11.1,
    "wvconstStd": 0,
	"volDepolerror355": 0.003,
	"volDepolerror532": 0.004,
	"volDepolerror1064": 0.005
}